{
	"format_version": "1.8.0",
	"animations": {
		"forge_blade_animation": {
			"animation_length": 1,
			"bones": {
				"torso": {
					"rotation": {
						"vector": [0, 1, 0]
					},
					"position": {
						"vector": [0, 0, 0]
					}
				},
				"right_arm": {
					"rotation": {
						"0.0": {
							"vector": [-90.43681, -9.28617, 113.17802]
						},
						"0.25": {
							"vector": [-94.17312, -16.27948, 126.26827]
						},
						"0.6667": {
							"vector": [-94.17312, -16.27948, 126.26827]
						},
						"0.75": {
							"vector": [-90.43681, -9.28617, 113.17802]
						},
						"1.0": {
							"vector": [0, 0, 0]
						}
					},
					"position": {
						"0.0": {
							"vector": [0, 0, -2]
						},
						"0.25": {
							"vector": [0, 0, -2]
						},
						"0.75": {
							"vector": [0, 0, -2]
						},
						"1.0": {
							"vector": [0, 0, 0]
						}
					}
				},
				"left_arm": {
					"rotation": {
						"0.0": {
							"vector": [-47.75967, 37.458, 30.92092]
						},
						"0.25": {
							"vector": [-46.96814, 32.77358, 27.56034]
						},
						"0.6667": {
							"vector": [-46.96814, 32.77358, 27.56034]
						},
						"0.75": {
							"vector": [-47.75967, 37.458, 30.92092]
						},
						"1.0": {
							"vector": [0, 0, 0]
						}
					},
					"position": {
						"0.0": {
							"vector": [0, 0, -2]
						},
						"0.25": {
							"vector": [0, 0, -2]
						},
						"0.75": {
							"vector": [0, 0, -2]
						},
						"1.0": {
							"vector": [0, 0, 0]
						}
					}
				}
			}
		}
	}
}